bookId,title,genres
0,Star Wars,genre fiction
1,Batman: Year One,genre fiction
2,Go Set a Watchman,genre fiction
3,When You Are Engulfed in Flames,fiction
4,Daughter of Smoke & Bone,genre fiction
5,Red Queen,genre fiction
6,The Power of Habit,genre fiction
7,Midnight in the Garden of Good and Evil,nonfiction
8,Hopeless,genre fiction
9,A Little Princess,genre fiction
10,The Truth About Forever,genre fiction
11,The horse and his boy,fiction
12,Last Sacrifice ,genre fiction
13,Little House on the Prairie,genre fiction
14,The Velveteen Rabbit,genre fiction
15,Zen and the Art of Motorcycle Maintenance,genre fiction
16,The War of the Worlds,genre fiction
17,Pretty Little Liars,genre fiction
18,Corduroy,genre fiction
19,The Omnivore's Dilemma,genre fiction
20,Life After Life,genre fiction
21,The Rescue,genre fiction
22,Needful Things,genre fiction
23,Voyager,genre fiction
24,,genre fiction
25,Cujo,genre fiction
26,The Virgin Suicides,genre fiction
27,Dead to the World,genre fiction
28,Tess of the d'Urbervilles: A Pure Woman Faithfully Presented,nonfiction
29,Madame Bovary,genre fiction
30,The Phantom Tollbooth,genre fiction
31,The Way of Kings,genre fiction
32,Club Dead,genre fiction
33,It's Kind of a Funny Story,nonfiction
34,,genre fiction
35,After You,genre fiction
36,The Language of Flowers,genre fiction
37,Batman: The Dark Knight Returns,genre fiction
38,The Angel Experiment,genre fiction
39,High Fidelity,genre fiction
40,The Guardian,genre fiction
41,Oryx and Crake,genre fiction
42,"Men Are from Mars, Women Are from Venus Book of Days: 365 Inspirations to Enrich Your Relationships",genre fiction
43,Kitchen Confidential: Adventures in the Culinary Underbelly,genre fiction
44,Timeline,genre fiction
45,Candide,genre fiction
46,Tuck Everlasting,nonfiction
47,Christine,nonfiction
48,Are You My Mother?,genre fiction
49,The Story of Art,genre fiction
50,Scarlet,genre fiction
51,"Rich Dad , Poor Dad",genre fiction
52,Silence ,genre fiction
53,The Magicians,genre fiction
54,ãƒ‡ã‚¹ãƒŽãƒ¼ãƒˆ #1 (Desu NÅto) Taikutsu (é€€å±ˆ),genre fiction
55,A Great and Terrible Beauty,genre fiction
56,Everything Is Illuminated,genre fiction
57,The Bourne Supremacy,genre fiction
58,Easy,genre fiction
59,David Copperfield,genre fiction
60,The Absolutely True Diary of a Part-Time Indian,genre fiction
61,ÐœÐ°ÑÑ‚ÐµÑ€ Ð¸ ÐœÐ°Ñ€Ð³Ð°Ñ€Ð¸Ñ‚Ð°,genre fiction
62,A Wizard of Earthsea,genre fiction
63,Because of Winn-Dixie,genre fiction
64,A Separate Peace,genre fiction
65,The Rainmaker,genre fiction
66,Don Quijote de La Mancha,genre fiction
67,Assassin's Apprentice,genre fiction
68,The Restaurant at the End of the Universe,genre fiction
69,Torment,genre fiction
70,The Tale of Peter Rabbit,genre fiction
71,The Silver Chair,genre fiction
72,The Hero of Ages,nonfiction
73,"Girl, Interrupted",genre fiction
74,"Are You There, Vodka? It's Me, Chelsea",genre fiction
75,Jonathan Livingston Seagull,genre fiction
76,City of Heavenly Fire,genre fiction
77,Love You Forever,genre fiction
78,Cell,genre fiction
79,The Boys in the Boat: Nine Americans and Their Epic Quest for Gold at the 1936 Berlin Olympics,genre fiction
80,The Silmarillion,genre fiction
81,The Drawing of the Three,nonfiction
82,The Forgotten Garden,genre fiction
83,Der ProzeÃŸ,genre fiction
84,This Lullaby,genre fiction
85,Plain Truth,genre fiction
86,Orange Is the New Black: My Year in a Women's Prison,fiction
87,The Hound of the Baskervilles,genre fiction
88,"Thinking, Fast and Slow",genre fiction
89,The Mists of Avalon,genre fiction
90,"Are You There God? It's Me, Margaret",genre fiction
91,Nights in Rodanthe,genre fiction
92,Mr. Mercedes,genre fiction
93,All Together Dead,genre fiction
94,Midwives,genre fiction
95,The Polar Express,nonfiction
96,The True Story of the Three Little Pigs,genre fiction
97,Patriot Games,genre fiction
98,Veronika decide morrer,genre fiction
99,"Lean In: Women, Work, and the Will to Lead",genre fiction
100,Dead as a Doornail ,genre fiction
101,"Shatter Me (Shatter Me, #1)",fiction
102,Starship Troopers,genre fiction
103,I've Got Your Number,genre fiction
104,Sofies Verden,genre fiction
105,,genre fiction
106,The Martian Chronicles,genre fiction
107,A Visit From the Goon Squad,genre fiction
108,Heidi,genre fiction
109,Prey,genre fiction
110,The Last Battle,genre fiction
111,World Without End,genre fiction
112,Chosen: A House of Night Novel,fiction
113,Slammed,genre fiction
114,"Beastly (Beastly, #1, Kendra Chronicles, #1)",genre fiction
115,Tales of Caunterbury,genre fiction
116,Baby Proof,nonfiction
117,Inheritance,nonfiction
119,Uncle Tom's Cabin or Life Among the Lowly,fiction
120,Le FantÃ´me de l'OpÃ©ra,genre fiction
121,"Definitely Dead (Sookie Stackhouse, #6)",genre fiction
122,Ensaio Sobre a Cegueira,genre fiction
123,Freedom,genre fiction
124,Crossed,genre fiction
125,"I'd Tell You I Love You, But Then I'd Have to Kill You",genre fiction
126,The White Tiger,genre fiction
127,The Corrections,genre fiction
128,Dreams from My Father,nonfiction
129,Congo,nonfiction
130,"Alexander and the Terrible, Horrible, No Good, Very Bad Day",genre fiction
131,Interpreter of Maladies,genre fiction
132,A People's History of the United States: 1492 to Present ,genre fiction
133,Breakfast at Tiffany's,genre fiction
134,The Passage,genre fiction
135,Anansi Boys,nonfiction
136,Along for the Ride,genre fiction
137,Everything I Never Told You,genre fiction
138,La casa de los espÃ­ritus,genre fiction
139,The Dead Zone,genre fiction
140,The Mysterious Affair at Styles,genre fiction
141,Murder in the Calais Coach,genre fiction
142,Americanah,genre fiction
143,Suzanne's Diary for Nicholas,genre fiction
144,Firestarter,genre fiction
145,Entwined with You,genre fiction
146,"Born to Run: A Hidden Tribe, Superathletes, and the Greatest Race the World Has Never Seen",genre fiction
147,The Storied Life of A.J. Fikry,genre fiction
148,Mad About Madeline,genre fiction
149,Think and Grow Rich,genre fiction
150,Little House In The Big Woods,genre fiction
151,Jonathan Strange & Mr Norrell,genre fiction
152,A Bend in the Road,genre fiction
153,The House of Hades,nonfiction
154,Gone,genre fiction
155,The Wedding,genre fiction
156,1776,genre fiction
157,Under the Banner of Heaven: A Story of Violent Faith,genre fiction
158,Beautiful Ruins,genre fiction
159,The Audacity of Hope: Thoughts on Reclaiming the American Dream,genre fiction
160,On Writing: A Memoir of the Craft,genre fiction
161,Firefly Lane,genre fiction
162,Sphere,genre fiction
163,Love the One You're With,genre fiction
164,The Silkworm,genre fiction
165,The Vampire Lestat,genre fiction
166,State of Wonder,genre fiction
167,The Silver Linings Playbook,genre fiction
168,Vingt Mille Lieues Sous les Mers,genre fiction
169,The Constant Princess,genre fiction
170,Mrs Dalloway,genre fiction
171,HundraÃ¥ringen som klev ut genom fÃ¶nstret och fÃ¶rsvann,genre fiction
172,Bag of Bones,genre fiction
173,The Cider House Rules,genre fiction
174,Thinner,genre fiction
175,Le tour du monde en quatre-vingts jours,genre fiction
176,Walk Two Moons,nonfiction
177,Onze minutos,genre fiction
178,Nine Stories,genre fiction
179,"Julie & Julia: 365 Days, 524 Recipes, 1 Tiny Apartment Kitchen",nonfiction
180,Unwind,genre fiction
181,"Drums of Autumn (Outlander, #4)",nonfiction
182,Prodigy,genre fiction
183,The Tragedie of King Lear,genre fiction
184,Death of a Salesman,genre fiction
185,The Choice,genre fiction
186,Home,genre fiction
187,The Sound and the Fury,genre fiction
188,A New Earth: Awakening to Your Life's Purpose,genre fiction
189,BLEACHâ€•ãƒ–ãƒªãƒ¼ãƒâ€•ã€€1,fiction
190,,genre fiction
191,The Shadow Rising ,nonfiction
192,Shantaram,genre fiction
193,From Dead to Worse,genre fiction
194,The Waste Lands,genre fiction
195,The Bone Collector,genre fiction
196,Der Vorleser,genre fiction
197,"Brown Bear, Brown Bear, What Do You See?",genre fiction
198,Hyperion,genre fiction
199,The Pearl of the World,genre fiction
200,The Exorcist,genre fiction
201,The Short Second Life of Bree Tanner,genre fiction
202,Snow Falling on Cedars,genre fiction
203,Roots,genre fiction
204,Batman: The Killing Joke ,genre fiction
205,Invisible Man,genre fiction
206,A Long Way Gone. Memoirs of a Boy Soldier,genre fiction
207,Mrs. Frisby and the Rats of NIMH,genre fiction
208,Different Seasons,genre fiction
209,The Little House Collection,genre fiction
210,The Girls' Guide to Hunting and Fishing,nonfiction
211,Wool Omnibus,genre fiction
212,"Lamb: The Gospel According to Biff, Christ's Childhood Pal",genre fiction
213,The Power of Now,genre fiction
214,Let's Pretend This Never Happened (A Mostly True Memoir),genre fiction
215,The Lies of Locke Lamora,genre fiction
216,Sabriel,genre fiction
217,Dead and Gone,genre fiction
218,The Storyteller,genre fiction
219,Obsidian,genre fiction
220,"Life, the Universe and Everything",genre fiction
221,Crown of Midnight,genre fiction
222,"Scott Pilgrim, Volume 1: Scott Pilgrim's Precious Little Life",genre fiction
223,Half Broke Horses: A True Life Novel,genre fiction
224,Mort,genre fiction
225,"The Iron King (The Iron Fey, #1) ",genre fiction
226,Lonesome Dove,genre fiction
227,Stiff: The Curious Lives of Human Cadavers,nonfiction
228,Bloodlines,genre fiction
229,Ender's Shadow,nonfiction
230,Twenties Girl,genre fiction
231,Schindler's Ark,genre fiction
232,The Bluest Eye,genre fiction
233,The White Queen,genre fiction
234,The Autobiography of Malcolm X,nonfiction
235,Preludes & Nocturnes,nonfiction
236,Seabiscuit,genre fiction
237,Shutter Island,genre fiction
238,The Complete Sherlock Holmes,genre fiction
239,The Tragedy of Julius Caesar,genre fiction
240,"In the Garden of Beasts: Love, Terror, and an American Family in Hitler's Berlin",genre fiction
241,Î Î¿Î»Î¹Ï„ÎµÎ¯Î±,genre fiction
242,The Taming of the Shrew,nonfiction
243,Cress,nonfiction
244,Just Kids,genre fiction
245,,genre fiction
246,Jemima J,genre fiction
247,Notre-Dame de Paris,nonfiction
248,A Fine Balance,genre fiction
249,Calvin and Hobbes,nonfiction
250,Specials,genre fiction
251,The Awakening,genre fiction
252,Hunted,genre fiction
253,For One More Day,genre fiction
254,Clear and Present Danger,genre fiction
255,Falling Up,genre fiction
256,Sh*t My Dad Says,nonfiction
257,Trainspotting,genre fiction
258,Foundation and Empire,genre fiction
259,"The Four Agreements: A Practical Guide to Personal Freedom, A Toltec Wisdom Book",genre fiction
260,House Rules,nonfiction
261,BrÃ¼der Grimm: Kinder- und HausmÃ¤rchen,genre fiction
262,From the Mixed-Up Files of Mrs. Basil E. Frankweiler,genre fiction
263,Doctor Sleep,genre fiction
264,About a Boy,genre fiction
265,On Dublin Street,nonfiction
266,Crazy Love: Overwhelmed by a Relentless God,genre fiction
267,"One Fish, Two Fish, Red Fish, Blue Fish",nonfiction
268,Watchers,genre fiction
269,The Story of My Life,nonfiction
270,This Is Where I Leave You,genre fiction
271,Abraham Lincoln: Vampire Hunter,genre fiction
272,ãƒ•ãƒ«ãƒ¼ãƒ„ãƒã‚¹ã‚±ãƒƒãƒˆ 1,nonfiction
273,The Tempest,genre fiction
274,Burned: A House of Night Novel,genre fiction
275,Wizard and Glass,fiction
276,The Circle,genre fiction
277,The Invention of Hugo Cabret,genre fiction
278,Brave New World/Brave New World Revisited,genre fiction
279,æ¡œè˜­é«˜æ ¡ãƒ›ã‚¹ãƒˆéƒ¨ 1,genre fiction
280,The Good Girl,genre fiction
281,"Fallen Too Far (Too Far, #1)",genre fiction
282,Landline,genre fiction
283,Tempted,fiction
284,No Country for Old Men,genre fiction
285,Wolf Hall,genre fiction
286,Howl's Moving Castle,genre fiction
287,Dreamcatcher,genre fiction
288,Walden; or Life in the Woods,nonfiction
289,The Remains of the Day,nonfiction
290,The Best of Me,genre fiction
291,The Sense of an Ending,genre fiction
292,A is for Alibi,genre fiction
293,ÎŸá¼°Î´Î¯Ï€Î¿Ï…Ï‚ Î¤ÏÏÎ±Î½Î½Î¿Ï‚,genre fiction
294,Shanghai Girls,nonfiction
295,The Wind in the Willows,genre fiction
296,To All the Boys I've Loved Before,nonfiction
297,Persepolis,genre fiction
298,A Room with a View,genre fiction
299,The DUFF: Designated Ugly Fat Friend,genre fiction
300,Lock and Key,nonfiction
301,Naked in Death,genre fiction
302,The Chamber,genre fiction
303,Midnight Sun (Partial Draft),genre fiction
304,NARUTO -ãƒŠãƒ«ãƒˆ- å·»ãƒŽä¸€ ,nonfiction
305,The Unlikely Pilgrimage of Harold Fry,genre fiction
306,Every Day,genre fiction
307,Xenocide,genre fiction
308,The Merchant of Venice,genre fiction
309,ShÅgun,genre fiction
310,"Lover Awakened (Black Dagger Brotherhood, #3)",genre fiction
311,A Court of Thorns and Roses,nonfiction
312,,genre fiction
313,Chicka Chicka Boom Boom,fiction
314,Smile,genre fiction
315, Animal Farm & 1984,genre fiction
316,The Deep End of the Ocean,genre fiction
317,The Bonesetter's Daughter,nonfiction
318,"Angus, Thongs and Full-Frontal Snogging",genre fiction
319,Mr. Penumbra's 24-Hour Bookstore,genre fiction
320,Flowers in the Attic,children
321,When Breath Becomes Air,genre fiction
322,Maniac Magee,genre fiction
323,Invisible Monsters,genre fiction
324,"Twelfth Night; or, What You Will",genre fiction
325,Gathering Blue,genre fiction
326,The Westing Game,genre fiction
327,Red Rising,genre fiction
328,The Way of Shadows,genre fiction
329,The Bean Trees,children
330,Walking Disaster,genre fiction
331,Words of Radiance,genre fiction
332,Guess How Much I Love You,genre fiction
333,The Fiery Cross,genre fiction
334,Night Shift,genre fiction
335,Jaws,genre fiction
336,The History of Love,genre fiction
337,Pippi LÃ¥ngstrump,genre fiction
338,L'Ã©lÃ©gance du hÃ©risson,genre fiction
339,Team of Rivals: The Political Genius of Abraham Lincoln,genre fiction
340,Dead in the Family,genre fiction
341,La peste,genre fiction
342,The Reptile Room,genre fiction
343,Brain on Fire,genre fiction
344,Wicked Lovely ,genre fiction
345,Curious George,genre fiction
346,Die unendliche Geschichte,genre fiction
347,A Beautiful Mind,genre fiction
348,The Jungle,genre fiction
349,The Summoning,genre fiction
350,The Man Who Mistook His Wife for a Hat and Other Clinical Tales,nonfiction
351,Storm Island,fiction
352,The Blind Assassin,nonfiction
353,Hollow City,genre fiction
354,House of Sand and Fog,genre fiction
355,The Girl with All the Gifts,genre fiction
356,As I Lay Dying,nonfiction
357,Harold and the Purple Crayon,genre fiction
358,"Lover Eternal (Black Dagger Brotherhood, #2)",nonfiction
359,,nonfiction
360,Fool Moon ,genre fiction
361,David and Goliath,nonfiction
362,é‹¼ã®éŒ¬é‡‘è¡“å¸« 1,genre fiction
363,Guards! Guards!,genre fiction
364,The Year of Magical Thinking,genre fiction
365,We Need to Talk About Kevin,genre fiction
366,Rendezvous with Rama,genre fiction
367,The Queen of the Damned,genre fiction
368,The Age of Innocence,genre fiction
369,The Selfish Gene,genre fiction
370,Year of Wonders: A Novel of the Plague,genre fiction
371,The Black Echo,nonfiction
372,Anthem,genre fiction
373,Gabriel's Inferno,genre fiction
374,Cloudy with a Chance of Meatballs,genre fiction
375,Major Pettigrew's Last Stand,genre fiction
376,Vision in White,genre fiction
377,The Tenth Circle,genre fiction
378,The Throne of Fire,nonfiction
379,Old Man's War,genre fiction
380,Gerald's Game,fiction
381,Two for the Dough,nonfiction
382,The Joy of Cooking,fiction
383,The Forever War,genre fiction
384,Insomnia,genre fiction
385,Reading Lolita in Tehran: A Memoir in Books,genre fiction
386,The Blade Itself,genre fiction
387,The Arctic Incident,nonfiction
388,The Shipping News,genre fiction
389,äººç”ŸãŒã¨ãã‚ãç‰‡ã¥ã‘ã®é­”æ³•,genre fiction
390,All the Bright Places,genre fiction
391,DÃ©jÃ  Dead,genre fiction
392,The Alchemyst: The Secrets of The Immortal Nicholas Flamel,genre fiction
393,The Marriage Plot,genre fiction
394,Hija de la fortuna,genre fiction
395,Luckiest Girl Alive,genre fiction
396,"Crank (Crank, #1)",genre fiction
397,The Raven Boys,nonfiction
398,I Am Legend and Other Stories,genre fiction
399,Olive Kitteridge,genre fiction
400,Not that Kind of Girl,nonfiction
401,Good to Great: Why Some Companies Make the Leap... and Others Don't,genre fiction
402,Fire,genre fiction
403,En attendant Godot,genre fiction
404,White Fang,genre fiction
405,Wolves of the Calla,genre fiction
406,His Dark Materials,genre fiction
407,The Edge of Never,genre fiction
408,Reconstructing Amelia,nonfiction
409,The One Plus One,genre fiction
410,The Hours,genre fiction
411,Wallbanger,nonfiction
412,Holidays on Ice,genre fiction
413,Desperation,genre fiction
414,Passion,genre fiction
415,The Kill Order,genre fiction
416,Angelfall,genre fiction
417,Empire Falls,genre fiction
418,The Fires of Heaven,children
419,I'll Give You the Sun,genre fiction
420,Survivor,genre fiction
421,Shopaholic and Baby,genre fiction
422,The Dark Tower,genre fiction
423,Twilight Director's Notebook,genre fiction
424,Shopaholic Abroad,genre fiction
425,"Surely You're Joking, Mr. Feynman! Adventures of a Curious Character",genre fiction
426,Linger,genre fiction
427,The Complete Anne of Green Gables Boxed Set,genre fiction
428,A Portrait of the Artist as a Young Man,fiction
429,The Gathering Storm,genre fiction
430,Middlemarch,nonfiction
431,Point of Retreat,genre fiction
432,The Partner,genre fiction
433,The Hobbit and The Lord of the Rings,genre fiction
434,Thoughtless,genre fiction
435,Presumed Innocent,genre fiction
436,The Dark Half,genre fiction
437,Cleopatra: A Life,genre fiction
438,The World Is Flat: A Brief History of the Twenty-first Century,genre fiction
439,Steelheart,genre fiction
440,,genre fiction
441,Voyage au centre de la Terre,nonfiction
442,The Happiness Project,genre fiction
443,The Man in the High Castle,genre fiction
444,Helter Skelter: The True Story of The Manson Murders,genre fiction
445,,nonfiction
446,Inferno,fiction
447,Shadow of Night,genre fiction
448,Leaving Time,fiction
449,Moon Called,genre fiction
450,Blue Bloods,genre fiction
451,The Alienist,genre fiction
452,Between the World and Me,genre fiction
453,Paradise Lost,genre fiction
454,The Big Short: Inside the Doomsday Machine,fiction
455,The Girl Who Loved Tom Gordon,nonfiction
456, A Monster Calls ,genre fiction
457,Towers of Midnight,fiction
458,The Day of the Jackal,genre fiction
459,Rework,genre fiction
460,Attachments,genre fiction
461,The Twilight Saga,genre fiction
462,Tell the Wolves I'm Home,genre fiction
463,All Creatures Great And Small,genre fiction
464,The Unbecoming of Mara Dyer,fiction
465,Three to Get Deadly,genre fiction
466,The Scarlet Pimpernel,fiction
467,The Monster at the End of This Book,genre fiction
468,Tales of a Fourth Grade Nothing,genre fiction
469,Shadow and Bone,fiction
470,Het diner,genre fiction
471,Champion,nonfiction
472,Contact,genre fiction
473,Lola and the Boy Next Door,genre fiction
474,White Teeth,fiction
475,American Sniper: The Autobiography of the Most Lethal Sniper in U.S. Military History,genre fiction
476,My Horizontal Life: A Collection of One-Night Stands,nonfiction
477,The Power of Six,fiction
478,The Interestings,genre fiction
479,The Essential Calvin and Hobbes: A Calvin and Hobbes Treasury,genre fiction
480,People of the Book,genre fiction
481,The Secret Keeper,genre fiction
482,Better Homes & Gardens New Cook Book,nonfiction
483,"So Long, and Thanks for All the Fish",genre fiction
484,Der Steppenwolf: ErzÃ¤hlung,fiction
485,The Surgeon,nonfiction
486,The Girl You Left Behind,genre fiction
487,Royal Assassin,fiction
488,Childhood's End,genre fiction
489, The Tale of Despereaux,genre fiction
490,"Animal, Vegetable, Miracle: A Year of Food Life",genre fiction
491,Heir of Fire,genre fiction
492,,fiction
493,The Sweetness at the Bottom of the Pie,genre fiction
494,Blue Like Jazz: Nonreligious Thoughts on Christian Spirituality,genre fiction
495,A Breath of Snow and Ashes,nonfiction
496,The Blood of Olympus,genre fiction
497,Truly Madly Guilty,genre fiction
498,"Saga, Volume One",genre fiction
499,The Art of Fielding,genre fiction
500,A Moveable Feast,genre fiction
501,Fablehaven,genre fiction
502,The Wide Window,genre fiction
503,Grave Peril,nonfiction
504,Einstein. His Life and Universe,nonfiction
505,Effortless,genre fiction
506,The Street Lawyer,genre fiction
507,"Roll of Thunder, Hear My Cry",nonfiction
508,Pride and Prejudice and Zombies,genre fiction
509,Lets Explore Diabetes with Owls,genre fiction
510,Ð˜Ð´Ð¸Ð¾Ñ‚,fiction
511,Dirk Gently's Holistic Detective Agency,nonfiction
512,Rodrick Rules,genre fiction
513,Why Not Me?,genre fiction
514,Four: A Divergent Collection,fiction
515,Modern Romance,genre fiction
516,The One and Only Ivan,genre fiction
517,The Perfect Storm: A True Story of Men Against the Sea,genre fiction
518,Elantris,genre fiction
519,The Knife of Never Letting Go,genre fiction
520,One Thousand White Women: The Journals of May Dodd,genre fiction
521,Handle with Care,fiction
522,Song of Susannah,genre fiction
523,Reached,genre fiction
524,Midnight's Children,nonfiction
525,The Zombie Survival Guide: Complete Protection from the Living Dead,genre fiction
526,The Testament,nonfiction
527,Murder at the Vicarage,nonfiction
528,Among the Hidden ,genre fiction
529,In Defense of Food: An Eater's Manifesto,genre fiction
530,The Witch of Blackbird Pond,nonfiction
531,The Heir,genre fiction
532,Shopaholic Ties the Knot,genre fiction
533,The Woman in White,genre fiction
534,Career of Evil,genre fiction
535,The Summer I Turned Pretty,genre fiction
536,Four to Score ,genre fiction
537,The Color of Water: A Black Man's Tribute to His White Mother,genre fiction
538,"SuperFreakonomics: Global Cooling, Patriotic Prostitutes, and Why Suicide Bombers Should Buy Life Insurance",genre fiction
539,Darkfever,genre fiction
540,Stone of Tears,genre fiction
541,Heart of the Matter,genre fiction
542,Vanity Fair: A Novel Without a Hero,genre fiction
543,The Sirens of Titan,genre fiction
544,Dolores Claiborne,genre fiction
545,The Nest,nonfiction
546,"Fables, Volume 1: Legends in Exile",genre fiction
547,Getting Things Done: How To Achieve Stress-free Productivity,genre fiction
548,The Celestine Prophecy,genre fiction
549,My Life Next Door ,genre fiction
550,Winter of the World,nonfiction
552,Lucky,children
553,To The Lighthouse ,genre fiction
554,Five Point Someone: What Not to Do at IIT,genre fiction
555,Guilty Pleasures,genre fiction
556,The Messenger,genre fiction
557,Far from the Madding Crowd,genre fiction
558,Equal Rites,genre fiction
559,House of Leaves,genre fiction
560,Cruel & Unusual,genre fiction
561,Sycamore Row,genre fiction
562,Awakened,genre fiction
563,My Ãntonia,genre fiction
564,Life As We Knew It,nonfiction
565,America (The Book): A Citizen's Guide to Democracy Inaction,nonfiction
566,90 Minutes in Heaven,genre fiction
567,The Longest Ride,genre fiction
568,é“å¾·ç¶“ [dÃ o dÃ© jÄ«ng],genre fiction
569,Kane and Abel,fiction
570,Change of Heart,genre fiction
571,Dry: A Memoir,children
572,Sam's Letters To Jennifer,genre fiction
573,Grey,genre fiction
574,Dune Messiah ,genre fiction
575,The Great Divorce,fiction
576,Little Earthquakes,nonfiction
577,Eventyr og historier,genre fiction
578,New Moon: The Complete Illustrated Movie Companion,genre fiction
579,Maybe Someday,genre fiction
580,Mr Maybe,genre fiction
581,Anne of the Island,genre fiction
582,Also sprach Zarathustra,genre fiction
583,North and South,genre fiction
584,A Stolen Life,fiction
585,The Immortals of Meluha,genre fiction
586,The Lost World,genre fiction
587,Requiem,genre fiction
588,A Crown of Swords,nonfiction
589,Aesopica,genre fiction
590,Blood Meridian: Or the Evening Redness in the West,genre fiction
591,Finale,genre fiction
592,Skeleton Crew,genre fiction
593,Lullaby,genre fiction
594,Two States,genre fiction
595,ãƒ´ã‚¡ãƒ³ãƒ‘ã‚¤ã‚¢é¨Žå£« 1,nonfiction
596,Summer Knight,genre fiction
597,Dragonflight,genre fiction
598,"The History of the Hobbit, Part One: Mr. Baggins",genre fiction
599,Ugly Love,genre fiction
600,Chocolat,nonfiction
601,The Amityville Horror,genre fiction
602,The English Patient,genre fiction
603,Gabriel's Rapture,genre fiction
604,Dubliners,fiction
605,Let the Great World Spin,genre fiction
606,The Eternity Code,fiction
607,Tell No One,genre fiction
608,The Tommyknockers,genre fiction
609,Hex Hall,fiction
610,Steal Like an Artist,genre fiction
611,Cryptonomicon,children
612,Beautiful Bastard,genre fiction
613,Prodigal Summer,genre fiction
614,We Were the Mulvaneys,genre fiction
615,Understanding Comics: The Invisible Art,nonfiction
616,Beautiful Darkness,nonfiction
617,The Psychopath Test,genre fiction
618,Vanishing Acts,genre fiction
619,Absolute Power,genre fiction
620,Hot Six,genre fiction
621,The Time Keeper,genre fiction
622,A Dirty Job,nonfiction
623,Moneyball: The Art of Winning an Unfair Game,genre fiction
624,The Amulet of Samarkand,genre fiction
625,I Am America (And So Can You!),genre fiction
626,The One Minute Manager,children
627,Exodus,genre fiction
628,Stones from the River,genre fiction
629,The Big Sleep,genre fiction
630,Cannery Row ,genre fiction
631,Seriously...I'm Kidding,genre fiction
632,The Miserable Mill,genre fiction
633,The Snow Child,genre fiction
634,Wait for You,genre fiction
635,The Last Straw,genre fiction
636,La Divina Commedia,genre fiction
637,The Tao of Pooh,genre fiction
638,Onyx,genre fiction
639,"Unravel Me (Shatter Me, #2)",genre fiction
640,The Birth of Venus,genre fiction
641,The Opal Deception,genre fiction
642,Det som inte dÃ¶dar oss,genre fiction
643,The Girls,genre fiction
644,The Goose Girl,genre fiction
645,Mystic River,genre fiction
646,Warm Bodies,genre fiction
647,The Prince and the Pauper,genre fiction
648,The Moon is a Harsh Mistress,genre fiction
649,The Forty Rules of Love,genre fiction
650,High Five,children
651,Joyland,genre fiction
652,é€²æ’ƒã®å·¨äºº 1,genre fiction
653,Tender Is the Night,genre fiction
654,Cold Sassy Tree,genre fiction
655,The Glass Menagerie,nonfiction
656,L'amica geniale,nonfiction
657,"The 4-Hour Workweek: Escape 9-5, Live Anywhere, and Join the New Rich",genre fiction
658,The Monk Who Sold His Ferrari: A Fable About Fulfilling Your Dreams & Reaching Your Destiny,genre fiction
659,Rules of Civility,genre fiction
660,Ringworld,genre fiction
661,Between Shades of Gray,genre fiction
662,Frindle,genre fiction
663,Dog Days,genre fiction
664,The Round House,genre fiction
665,A Wind in the Door,genre fiction
666,Free Four: Tobias Tells the Divergent Story,nonfiction
667,A Little Life,genre fiction
668,"Y: The Last Man, Vol. 1: Unmanned",genre fiction
669,The Alloy of Law,genre fiction
670,Dead Reckoning,nonfiction
671,The Accidental Tourist,genre fiction
672,Aristotle and Dante Discover the Secrets of the Universe,fiction
673,The Invisible Man,genre fiction
675,Na margem do rio Piedra eu sentei e chorei,genre fiction
676,Der Schweizerische Robinson,genre fiction
677,Four Past Midnight,nonfiction
678,The Marriage Bargain,genre fiction
679,Anne of Avonlea,genre fiction
680,The Little Engine That Could,genre fiction
681,We Are All Completely Beside Ourselves,genre fiction
682,Children of the Mind,genre fiction
683,Ulysses,genre fiction
684,Someone Like You,nonfiction
685,Moloka'i,nonfiction
686,The Witching Hour,nonfiction
687,This Present Darkness,genre fiction
688,The Coincidence of Callie & Kayden,genre fiction
689,Fates and Furies,genre fiction
690,Summer Sisters,genre fiction
691,Stuart Little,genre fiction
692,The Foundation Trilogy,fiction
693,"The Elegant Universe: Superstrings, Hidden Dimensions, and the Quest for the Ultimate Theory",genre fiction
694,The Austere Academy,genre fiction
695,Seven Up,genre fiction
696,The Awakening,genre fiction
697,Death Masks,children
698,Stellaluna,genre fiction
699,Before They Are Hanged,genre fiction
700,Loving Frank,genre fiction
701,Hard Eight,nonfiction
702,The Vile Village,genre fiction
703,Sybil,nonfiction
704,Cosmos,nonfiction
705,Haunted: A Novel of Stories,fiction
706,The Shell Seekers,genre fiction
707,What Is the What: The Autobiography of Valentino Achak Deng,genre fiction
708,CrÃ³nica de una muerte anunciada,genre fiction
709,A Scandal in Bohemia,nonfiction
710,Killing Lincoln: The Shocking Assassination that Changed America Forever,children
711,The Lowland,genre fiction
712,The Ruins of Gorlan,nonfiction
713,Wintergirls,genre fiction
714,The Brethren,fiction
715,Assassin's Quest,genre fiction
716,Rosemary's Baby,genre fiction
717,The Talisman,nonfiction
718,The Path of Daggers,genre fiction
719,The Dharma Bums,children
720,The Reckoning,genre fiction
721,"Behind the Beautiful Forevers: Life, Death, and Hope in a Mumbai Undercity",fiction
722,Mary Poppins,genre fiction
723,Red Seas Under Red Skies,genre fiction
724,The House on Mango Street,genre fiction
725,City of Thieves,genre fiction
726,Halfway to the Grave,genre fiction
727,The Twits,genre fiction
728,Abhorsen,nonfiction
729,The Beach House,genre fiction
730,Eyes of the Dragon,nonfiction
731,Children of Dune,genre fiction
732,Leviathan Wakes,nonfiction
733,Queen of Shadows,genre fiction
734,Maus II : And Here My Troubles Began ,nonfiction
735,The Snowy Day,genre fiction
736,To the Nines,genre fiction
737,Where We Belong,nonfiction
738,The Hot Zone: The Terrifying True Story of the Origins of the Ebola Virus,genre fiction
740,The Signature of All Things,nonfiction
741,"Eats, Shoots and Leaves",genre fiction
742,Dead Witch Walking,nonfiction
743,,genre fiction
744,An Echo in the Bone,genre fiction
745,Unearthly,genre fiction
746,The Case for Christ,genre fiction
747,Knife of Dreams,genre fiction
748,Hoot,genre fiction
749,Ã†neis,genre fiction
750,This is How You Lose Her,nonfiction
752,Ishmael: An Adventure of the Mind and Spirit,genre fiction
753,It's Not Summer Without You,genre fiction
754,Pushing the Limits,genre fiction
755,Quidditch Through the Ages,genre fiction
756,Miss Nelson Is Missing!,genre fiction
757,The Long Walk,nonfiction
758,The Ersatz Elevator,nonfiction
759,Messenger ,genre fiction
760,Lover Revealed,genre fiction
761,'Salem's Lot The Illustrated Edition,genre fiction
762,The Mysterious Benedict Society,genre fiction
763,God is Not Great: How Religion Poisons Everything,children
764,"Never Too Far (Too Far, #2)",genre fiction
765,State of Fear,genre fiction
766,The Statistical Probability of Love at First Sight,genre fiction
767,The Golem's Eye,nonfiction
768,Still Life with Woodpecker,genre fiction
769,Those Who Save Us,genre fiction
770,The Broker,genre fiction
771,Across the Universe,genre fiction
772,"The Road Less Traveled:  A New Psychology of Love, Traditional Values, and Spiritual Growth",nonfiction
773,Blood Rites,nonfiction
774,The Boxcar Children,genre fiction
775,The Silent Wife,nonfiction
776,How to Be a Woman,genre fiction
777,A Court of Mist and Fury,genre fiction
778,Life,genre fiction
779,Unaccustomed Earth,genre fiction
780,The Pilot's Wife,genre fiction
781,White Noise,genre fiction
782,"Band of Brothers: E Company, 506th Regiment, 101st Airborne from Normandy to Hitler's Eagle's Nest",genre fiction
783,On the Origin of Species by Means of Natural Selection or the Preservation of Favoured Races in the Struggle for Life,genre fiction
784,Blankets,genre fiction
785,The Story of Edgar Sawtelle,nonfiction
786,Drowning Ruth,genre fiction
787,Post Office,nonfiction
788,All the Pretty Horses,genre fiction
789,"Sherlock Holmes: The Complete Novels and Stories, Vol 2",nonfiction
790,"One Piece, Volume 01",genre fiction
791,The Last Unicorn,genre fiction
792,Magyk,genre fiction
793,Fever 1793,genre fiction
794,The Likeness,genre fiction
795,Dead Wake: The Last Crossing of the Lusitania,genre fiction
796,The Jungle Book,fiction
797,I Am Pilgrim,genre fiction
798,Howl and Other Poems ,nonfiction
799,Don't Sweat the Small Stuff,genre fiction
800,Go the Fuck to Sleep,genre fiction
801,Mostly Harmless,nonfiction
802,Benjamin Franklin: An American Life,genre fiction
803,The Tiger's Wife,genre fiction
804,Poison Study,genre fiction
805,Lover Unbound,fiction
806,Going Postal,fiction
807,The Book of Mormon,genre fiction
808,The Mist,nonfiction
809,Dead Beat,genre fiction
810,Golden Son,genre fiction
811,Night Watch,nonfiction
812,The Light Fantastic,nonfiction
813,What the Dog Saw and Other Adventures,genre fiction
814,Pretty Girls,genre fiction
815,Last Argument of Kings,genre fiction
816,Revival,genre fiction
817,Horton Hears a Who!,genre fiction
818,The Blind Side: Evolution of a Game,children
819,Lirael,genre fiction
820,School's Out Forever,fiction
821,é»’åŸ·äº‹ I [Kuroshitsuji I],nonfiction
822,Winter,nonfiction
823,The Strange Case of Dr. Jekyll and Mr. Hyde and Other Tales of Terror ,genre fiction
824,,genre fiction
825,The Painted Man,genre fiction
826,,genre fiction
827,One Shot,genre fiction
828,The Serpent's Shadow,genre fiction
829,Duma Key,genre fiction
830,The Shifting Fog,genre fiction
831,,fiction
832,Proven Guilty,genre fiction
833,Ð—Ð°Ð¿Ð¸ÑÐºÐ¸ Ð¸Ð· Ð¿Ð¾Ð´Ð¿Ð¾Ð»ÑŒÑ,genre fiction
834,The Heart is a Lonely Hunter,genre fiction
835,The Infinite Sea,genre fiction
836,The Once and Future King,nonfiction
837,Small Gods,genre fiction
838,"Bud, Not Buddy",genre fiction
839,,genre fiction
840,Predictably Irrational: The Hidden Forces that Shape Our Decisions,genre fiction
841,Ø§Ù„ÙÙŠÙ„ Ø§Ù„Ø£Ø²Ø±Ù‚,nonfiction
842,The Indian in the Cupboard,genre fiction
843,A Memory of Light,genre fiction
844,Me and Earl and the Dying Girl,nonfiction
845,The Ugly Truth,nonfiction
846,"Janet Evanovich Three and Four Two-Book Set (Stephanie Plum, #3-4)",genre fiction
847,"The Surgeon of Crowthorne: a tale of murder, madness & the love of words",genre fiction
848,2nd Chance,genre fiction
849,The Complete Maus,nonfiction
850,The Eyre Affair,nonfiction
851,Anne Rice's The Vampire Lestat: The Graphic Novel,genre fiction
852,,genre fiction
853,The Art of Happiness: A Handbook for Living,nonfiction
854,The Bone Clocks,genre fiction
855,Black and Blue,genre fiction
856,,genre fiction
857,The Last Juror,nonfiction
858,Diary,genre fiction
859,Eleven on Top,genre fiction
860,Tintenblut,genre fiction
861,"Sex, Drugs, and Cocoa Puffs: A Low Culture Manifesto",genre fiction
862,Brideshead Revisited: The Sacred and Profane Memories of Captain Charles Ryder,nonfiction
863,White Night,fiction
864,The Miniaturist,genre fiction
865,Dragons of Autumn Twilight,nonfiction
866,The Lost Colony,nonfiction
867,Extras,genre fiction
868,The Burning Bridge,nonfiction
869,The Book of Life,genre fiction
870,The Artist's Way: A Spiritual Path to Higher Creativity,genre fiction
871,The Stinky Cheese Man and Other Fairly Stupid Tales,nonfiction
872,Horns,nonfiction
873,Catherine the Great: Portrait of a Woman,genre fiction
874,The Year of the Flood,genre fiction
875,Winter Garden,genre fiction
876,The King of Torts,nonfiction
877,Lone Survivor: The Eyewitness Account of Operation Redwing and the Lost Heroes of SEAL Team 10,genre fiction
878,The 3 Mistakes of My Life,genre fiction
879,The Murder of Roger Ackroyd,nonfiction
880,Native Son ,genre fiction
881,Shadow's Edge,genre fiction
882,Under the Never Sky,genre fiction
883,True Believer,genre fiction
884,The Lean Startupâ€Ž,genre fiction
885,The Golden Lily,genre fiction
886,Chasing Harry Winston,genre fiction
887,Magician's Gambit,genre fiction
888,,genre fiction
889,The Rise and Fall of the Third Reich: A History of Nazi Germany,genre fiction
890,A Long Way Down,nonfiction
891,Out from Boneville,genre fiction
892,Rose Madder,genre fiction
893,"Die Trying (Jack Reacher, #2)",genre fiction
894,Beautiful Chaos,genre fiction
895,Keeping Faith,genre fiction
896,Heart-Shaped Box,genre fiction
897,Cabin Fever,nonfiction
898,,fiction
899,Everyone Worth Knowing,genre fiction
900,Redwall,genre fiction
901,Manifest der Kommunistischen Partei,genre fiction
902,The Woman in Cabin 10,nonfiction
903,The Last of the Mohicans: A Narrative of 1757,genre fiction
904,Sophie's Choice,nonfiction
905,Shopaholic and Sister,genre fiction
906,The Iron Daughter,genre fiction
907,The Prayer of Jabez:  Breaking Through to the Blessed Life,nonfiction
908,The Age of Miracles,genre fiction
909,Have a Little Faith: A True Story,nonfiction
910,My Life in France,genre fiction
911,The Rosie Effect,genre fiction
912,The Secret of the Nagas.,genre fiction
913,Ham on Rye,genre fiction
914,Flipped,nonfiction
915,Emotional Intelligence 2.0,genre fiction
916,Make Way for Ducklings,nonfiction
917,Relic,genre fiction
918,Notes from a Small Island,genre fiction
919,Small Favor,nonfiction
920,The Walking Dead Compendium Volume 1,genre fiction
921,Princess Academy,genre fiction
922,"Everything, Everything",genre fiction
923,Pygmalion,genre fiction
924,Flight Behavior,genre fiction
925,Grip of the Shadow Plague,genre fiction
926,Bridget Jones: The Edge of Reason,nonfiction
927,Captain Corelli's Mandolin,genre fiction
928,At First Sight,genre fiction
929,Down Under,genre fiction
930,The Memoirs of Sherlock Holmes,nonfiction
931,The Orphan Master's Son,genre fiction
932,Enchanters' End Game,genre fiction
933,Persepolis,nonfiction
934,The Chosen,fiction
935,The Agony and the Ecstasy: A Biographical Novel of Michelangelo,genre fiction
936,El juego del Ã¡ngel,genre fiction
937,Where Rainbows End,nonfiction
938,Amelia Bedelia,genre fiction
939,This Man,genre fiction
940,A Dog's Purpose ,genre fiction
941,An Ember in the Ashes,genre fiction
942,"Lover Enshrined, part one",genre fiction
943,The Golem and the Jinni,genre fiction
944,Ø§Ù„Ø£Ø³ÙˆØ¯ ÙŠÙ„ÙŠÙ‚ Ø¨Ùƒ,nonfiction
945,The Slippery Slope,genre fiction
946,Bleak House,genre fiction
947,"Caps for sale: a tale of a peddler, some monkeys and their monkey business",genre fiction
948,Furies of Calderon ,genre fiction
949,Alanna: The First Adventure,genre fiction
950,Her Fearful Symmetry,nonfiction
951,The Boston Girl,genre fiction
952,"Lover Enshrined, part two",children
953,The Fall of Hyperion,nonfiction
954,The Black Dahlia,genre fiction
955,"Through the Looking-Glass, and What Alice Found There",fiction
956,Wild Swans: Three Daughters of China,nonfiction
957,"Go, Dog. Go!",fiction
958,,genre fiction
959,Finders Keepers,fiction
960,The Strain,genre fiction
961,The Complete Poems of Emily Dickinson,genre fiction
962,Old Yeller,genre fiction
963,Born Standing Up: A Comic's Life,nonfiction
964,PostSecret: Extraordinary Confessions from Ordinary Lives,nonfiction
965,A Storm of Swords: Part 2 Blood and Gold,genre fiction
966,The Borrowers Afield,genre fiction
967,Hearts in Atlantis,genre fiction
968,,genre fiction
970,The Queen's Fool,genre fiction
971,Days of Blood & Starlight,genre fiction
972,Jitterbug Perfume,genre fiction
973,"The Battle for Skandia (Ranger's Apprentice, #4)",genre fiction
974,The Darkest Minds,fiction
975,O Zahir,genre fiction
976,The Power of Positive Thinking,genre fiction
977,"In a Dark, Dark Wood ",genre fiction
978,The House of Mirth,genre fiction
979,Fairy Tail 1,genre fiction
980,The Slow Regard of Silent Things,genre fiction
981,Twelve Years a Slave,genre fiction
982,"Lover Avenged, part one",genre fiction
983,In the Heart of the Sea: The Tragedy of the Whaleship Essex,genre fiction
984,Infidel,genre fiction
985,The Black Swan: The Impact of the Highly Improbable,genre fiction
986,The Twelve,genre fiction
988,The Diamond Age,genre fiction
989,A Canticle for Leibowitz,genre fiction
990,á¼ˆÎ½Ï„Î¹Î³ÏŒÎ½Î·,genre fiction
991,Brooklyn,genre fiction
992,Wither,genre fiction
993,Hillbilly Elegy. A Memoir of a Family and Culture in Crisis,genre fiction
994,Crossroads of Twilight,genre fiction
995,The Red Badge of Courage,genre fiction
996,What If?: Serious Scientific Answers to Absurd Hypothetical Questions,genre fiction
997,Gardens of the Moon,genre fiction
998,A Bruxa de Portobello,genre fiction
999,A Swiftly Tilting Planet,genre fiction
1000,Gregor the Overlander,genre fiction
1001,Sing You Home,genre fiction
1002,The Tale of the Body Thief,fiction
1003,The Camel Club,nonfiction
1004,Saving The World and Other Extreme Sports,genre fiction
1005,Blood of the Fold,genre fiction
1006,The Boleyn Inheritance,genre fiction
1007,A Spool of Blue Thread,genre fiction
1008,The Underground Railroad,genre fiction
1009,Masquerade,genre fiction
1010,The Iron Queen,nonfiction
1011,Losing It,genre fiction
1012,The Racketeer,genre fiction
1013,Disgrace,fiction
1014,The House at Pooh Corner,genre fiction
1015,The Black Prism,genre fiction
1016,The Mermaid Chair,genre fiction
1017,Frog and Toad Are Friends,nonfiction
1018,The Carnivorous Carnival,genre fiction
1019,Heist Society,genre fiction
1020,Behind Closed Doors,fiction
1021,The Killer Angels,nonfiction
1022,"Circus of the Damned (Anita Blake, Vampire Hunter, #3)",fiction
1023,Ptolemy's Gate,genre fiction
1024,The Island of Dr. Moreau,genre fiction
1025,Opal,genre fiction
1026,Zeitoun,genre fiction
1027,Out of My Mind,nonfiction
1028,Rapture,nonfiction
1029,Switched,genre fiction
1030,Ð”Ð¾ÐºÑ‚Ð¾Ñ€ Ð–Ð¸Ð²Ð°Ð³Ð¾,fiction
1031,,nonfiction
1032,Pines,genre fiction
1033,Disclosure,genre fiction
1034,Death Comes to Pemberley,genre fiction
1035,Ethan Frome,nonfiction
1036,A Map of the World,genre fiction
1037,It Ends with Us,fiction
1038,The Gift of the Magi,nonfiction
1039,The Electric Kool-Aid Acid Test,genre fiction
1040,The Naked Lunch,genre fiction
1041,The Sandman: Dream Country,genre fiction
1042,A Painted House,nonfiction
1043,The Left Hand of Darkness,genre fiction
1044,Let It Snow: Three Holiday Romances,fiction
1045,"Full Dark, No Stars",genre fiction
1046,Being Mortal: Medicine and What Matters in the End,genre fiction
1047,Intensity,genre fiction
1048,Chelsea Chelsea Bang Bang,children
1049,Et dukkehjem,genre fiction
1050,Hawaii,genre fiction
1051,Revolutionary Road,genre fiction
1052,Nick & Norah's Infinite Playlist,genre fiction
1053,Rosencrantz and Guildenstern are Dead,nonfiction
1054,Forever,genre fiction
1055,The Beach,fiction
1056,Saving CeeCee Honeycutt,genre fiction
1057,Deadlocked,nonfiction
1058,Everything's Eventual: 14 Dark Tales,fiction
1059,Beezus and Ramona,genre fiction
1060,The Farthest Shore,nonfiction
1061,Airframe,genre fiction
1062,Magician,genre fiction
1063,Bet Me,genre fiction
1064,Long Walk to Freedom: The Autobiography of Nelson Mandela,genre fiction
1065,Gray Mountain,nonfiction
1066,The Power of One,genre fiction
1067,The Maltese Falcon,genre fiction
1068,Night Road,genre fiction
1069,Tripwire,genre fiction
